{
    "cfg":    {"name": "views_tabs_simple", "alias": "tabs", "dir": "", "renderTo": "eastView",
        "tabs": [
            {"name": "detail", "displayName": "配置", "target": "detail"},
            {"name": "parameter", "displayName": "参数配置", "target": "tab2"},
            {"name": "test", "displayName": "配置结果测试", "target": "tab3"}
        ],
        "views": [
            {"name": "views_detail_simple", "alias": "detail", "dir": "", "renderTo": "tabView",
                "actions": [
                    {"name": "save", "displayName": "保存", "data": [
                        {"xql": "entity:sys.app", "bindFrom": "item"}
                    ]}
                ],
                "form": "bindFrom",
                "data": [
                    {"xql": "form:sys_app_form", "value": {}, "bindTo": "formData"}
                ]
            },
            {"name": "views_detail_simple2", "alias": "tab2", "dir": "", "renderTo": "tabView", "type": "mustache"},
            {"name": "views_detail_simple2", "alias": "tab3", "dir": "", "renderTo": "tabView", "type": "mustache"}
        ]
    }
}