[
    {
        "id": 1,
        "name": "分配给我尚未完成",
        "value":[
            {"fieldCode":"progressStatus","value":"1"},
            {"fieldCode":"assigned","value":"toMe"}
        ]
    },
    {
        "id": 2,
        "name": "我发起的未完成且优级先高",
        "value":[
            {"fieldCode":"progressStatus","value":"2"},
            {"fieldCode":"assigned","value":"fromMe"},
            {"fieldCode":"priority","value":"1"}
        ]
    }
]
