[
    {
        "id": 1,
        "name": "项目中心",
        "code":"selectProject",
        "appCode":"project",
        "href":"project.center.index",
        "description":""
    },
    {
        "id": 2,
        "name": "项目信息",
        "code":"projectManager",
        "appCode":"project",
        "href":"project.project.mixListPlus",
        "description":""
    },
    {
        "id": 3,
        "name": "缺陷管理",
        "code":"issuesManager",
        "appCode":"issues",
        "href":"issues.issues.mixListPlus",
        "description":""
    }
]
