{
    "cfg":   {"name": "views_list_simple", "alias": "list", "dir": "", "renderTo": "westView",
        "header":{
            "title": "应用列表",
            "actions": [
                //target: alias
                {"name": "create", "displayName": "添加", "target": "tabs.sys_app_config"},
                {"name": "delete", "displayName": "删除", "target": "none"}
            ]
        },
        "list": {
            "fields": [
                {"name": "id", "displayName": "序号", "width": "10%"},
                {"name": "name", "displayName": "名称", "width": "30%"},
                {"name": "code", "displayName": "应用编码"}
            ],
            "click": {"name": "read", "displayName": "查看/编辑", "target": "tabs.sys_app_config"}
        },
        "data": [
            {"xql": "res:sys_find_appDict", "value": {}, "bindTo": "listData"}
        ]
    }
}