[
    {
        "id": 1,
        "name": "标题",
        "code": "title",
        "data_item_id": "1"
    },
    {
        "id": 1,
        "name": "描述",
        "code": "description",
        "data_item_id": "2"
    },
    {
        "id": 1,
        "name": "状态",
        "code": "status",
        "data_item_id": "3"
    },{
    "id": 1,
    "name": "标题",
    "code": "title",
    "data_item_id": "1"
},
    {
        "id": 1,
        "name": "描述",
        "code": "description",
        "data_item_id": "2"
    },
    {
        "id": 1,
        "name": "状态",
        "code": "status",
        "data_item_id": "3"
    },{
    "id": 1,
    "name": "标题",
    "code": "title",
    "data_item_id": "1"
},
    {
        "id": 1,
        "name": "描述",
        "code": "description",
        "data_item_id": "2"
    },
    {
        "id": 1,
        "name": "状态",
        "code": "status",
        "data_item_id": "3"
    },{
    "id": 1,
    "name": "标题",
    "code": "title",
    "data_item_id": "1"
},
    {
        "id": 1,
        "name": "描述",
        "code": "description",
        "data_item_id": "2"
    },
    {
        "id": 1,
        "name": "状态",
        "code": "status",
        "data_item_id": "3"
    },{
    "id": 1,
    "name": "标题",
    "code": "title",
    "data_item_id": "1"
},
    {
        "id": 1,
        "name": "描述",
        "code": "description",
        "data_item_id": "2"
    },
    {
        "id": 1,
        "name": "状态",
        "code": "status",
        "data_item_id": "3"
    }
]