[
    {
        "id": 1,
        "name": "用户管理",
        "code":"userManager",
        "appCode":"sys",
        "href":"sys.user.mixListPlus",
        "description":""
    },
    {
        "id": 2,
        "name": "角色管理",
        "code":"roleManager",
        "appCode":"sys",
        "href":"sys.role.mixListPlus",
        "description":""
    },
    {
        "id": 3,
        "name": "权限管理",
        "code":"permissionManager",
        "appCode":"sys",
        "href":"sys.permission.mixList",
        "description":""
    },
    {
        "id": 4,
        "name": "应用管理",
        "code":"appManager",
        "appCode":"sys",
        "href":"sys.app.mixListPlus",
        "description":""
    }
]
